INSERT INTO Identificacao (nome_completo, cpf, rg)
VALUES
    ('João da Silva', '12345678901', '12345678'),
    ('Maria Oliveira', '98765432101', '87654321'),
    ('Carlos Santos', '54321678901', '43218765'),
    ('Ana Souza', '98765432109', '87654329'),
    ('Pedro Alves', '45678912301', '34567812'),
    ('Laura Fernandes', '10987654321', '98765431'),
    ('Fernando Rocha', '89012345678', '89012345'),
    ('Isabela Lima', '21098765432', '21098765'),
    ('Ricardo Nunes', '76543210987', '76543210'),
    ('Sofia Carvalho', '45678901234', '45678901'),
    ('Fernanda Oliveira', '76543210987', '76543210'),
    ('Rafael Souza', '54321098765', '54321098'),
    ('Mariana Santos', '98765432109', '87654329'),
    ('Lucas Almeida', '10987654321', '98765431'),
    ('Carolina Lima', '45678901234', '45678901'),
    ('André Fernandes', '89012345678', '89012345'),
    ('Julia Rocha', '21098765432', '21098765'),
    ('Gabriel Nunes', '45678912301', '34567812'),
    ('Larissa Carvalho', '98765432101', '87654321'),
    ('Pedro Silva', '12345678901', '12345678');

INSERT INTO Contato (telefone, email)
VALUES
    ('1122334455', 'joao@example.com'),
    ('9988776655', 'maria@example.com'),
    ('2133445566', 'carlos@example.com'),
    ('1199887766', 'ana@example.com'),
    ('1144332211', 'pedro@example.com'),
    ('9988776655', 'laura@example.com'),
    ('2133445566', 'fernando@example.com'),
    ('1199887766', 'isabela@example.com'),
    ('1144332211', 'ricardo@example.com'),
    ('9988776655', 'sofia@example.com'),
    ('1122334455', 'fernanda@example.com'),
    ('9988776655', 'rafael@example.com'),
    ('2133445566', 'mariana@example.com'),
    ('1199887766', 'lucas@example.com'),
    ('1144332211', 'carolina@example.com'),
    ('9988776655', 'andre@example.com'),
    ('2133445566', 'julia@example.com'),
    ('1199887766', 'gabriel@example.com'),
    ('1144332211', 'larissa@example.com'),
    ('9988776655', 'pedro@example.com');

INSERT INTO Endereco (logradouro, numero, complemento, cidade, estado, cep)
VALUES
    ('Rua das Flores', '123', 'Sala 101', 'São Paulo', 'SP', '12345678'),
    ('Avenida Central', '456', 'Andar 5', 'Santos', 'SP', '23456789'),
    ('Praça do Comércio', '789', NULL, 'Cubatão', 'SP', '34567890'),
    ('Travessa da Amizade', '321', 'Loja 12', 'Cubatão', 'SP', '45678901'),
    ('Alameda dos Sonhos', '987', NULL, 'Cubatão', 'SP', '56789012'),
    ('Rua da Esperança', '567', 'Apto 23', 'São Paulo', 'SP', '67890123'),
    ('Avenida da Liberdade', '890', 'Loja 45', 'Santos', 'SP', '78901234'),
    ('Praça do Sol', '123', NULL, 'Cubatão', 'SP', '89012345'),
    ('Travessa das Estrelas', '456', 'Sala 2', 'Cubatão', 'SP', '90123456'),
    ('Alameda das Rosas', '789', NULL, 'São Paulo', 'SP', '01234567'),
    ('Rua das Palmeiras', '456', 'Apto 34', 'São Paulo', 'SP', '45678901'),
    ('Avenida da República', '789', 'Sala 2', 'Santos', 'SP', '56789012'),
    ('Praça do Mercado', '123', NULL, 'Cubatão', 'SP', '67890123'),
    ('Travessa dos Amigos', '456', 'Loja 10', 'Cubatão', 'SP', '78901234'),
    ('Alameda das Flores', '789', NULL, 'Cubatão', 'SP', '89012345'),
    ('Rua do Progresso', '567', 'Apto 12', 'São Paulo', 'SP', '90123456'),
    ('Avenida do Trabalho', '890', 'Andar 3', 'Santos', 'SP', '01234567'),
    ('Praça do Parque', '123', NULL, 'Cubatão', 'SP', '12345678'),
    ('Travessa dos Sonhos', '456', 'Sala 1', 'Cubatão', 'SP', '23456789'),
    ('Alameda das Estrelas', '789', NULL, 'São Paulo', 'SP', '34567890');

INSERT INTO Cliente (identificacao_id, contato_id, endereco_id)
VALUES
    (1, 1, 1),
    (2, 2, 2),
    (3, 3, 3),
    (4, 4, 4),
    (5, 5, 5),
    (6, 6, 6),
    (7, 7, 7),
    (8, 8, 8),
    (9, 9, 9),
    (10, 10, 10),
    (11, 11, 11),
    (12, 12, 12),
    (13, 13, 13),
    (14, 14, 14),
    (15, 15, 15),
    (16, 16, 16),
    (17, 17, 17),
    (18, 18, 18),
    (19, 19, 19),
    (20, 20, 20);

INSERT INTO Veiculo (placa, modelo, ano, cor, cliente_id)
VALUES
    ('ABC1234', 'Fusca', '1970', 'Azul', 1),
    ('ABC7890', 'Civic', '2020', 'Prata', 1),
    ('XYZ1234', 'Corolla', '2021', 'Branco', 1),
    ('LMN4567', 'Onix', '2019', 'Preto', 1),
    ('MNO3456', 'Ecosport', '2019', 'Preto', 1),
    ('DEF5678', 'Civic', '2020', 'Prata', 2),
    ('GHI9012', 'Gol', '2015', 'Branco', 3),
    ('BCD6789', 'Fox', '2022', 'Branco', 3),
    ('EFG4567', 'Cruze', '2018', 'Prata', 3),
    ('JKL3456', 'Corolla', '2018', 'Preto', 4),
    ('MNO7890', 'HB20', '2017', 'Vermelho', 5),
    ('OPQ8912', 'Gol', '2018', 'Azul', 5),
    ('RST2345', 'Fit', '2020', 'Vermelho', 5),
    ('PQR2345', 'Uno', '2016', 'Verde', 6),
    ('STU6789', 'Onix', '2019', 'Amarelo', 7),
    ('VWX1234', 'Siena', '2014', 'Prata', 8),
    ('YZA5678', 'Fox', '2015', 'Preto', 9),
    ('BCD9012', 'Ka', '2021', 'Branco', 10),
    ('EFG1234', 'Cruze', '2019', 'Prata', 11),
    ('HIJ5678', 'Onix', '2022', 'Preto', 12),
    ('JKL0123', 'Sandero', '2022', 'Branco', 12),
    ('KLM9012', 'Civic', '2017', 'Branco', 13),
    ('FGH9012', 'Celta', '2015', 'Preto', 13),
    ('NOP3456', 'Corolla', '2020', 'Vermelho', 14),
    ('QRS7890', 'Golf', '2018', 'Azul', 15),
    ('TUV2345', 'Fiesta', '2016', 'Verde', 16),
    ('WXY6789', 'Hilux', '2021', 'Cinza', 17),
    ('HIJ7890', 'Palio', '2015', 'Azul', 17),
    ('KLM5678', 'A3', '2020', 'Branco', 17),
    ('NOP9012', 'Polo', '2016', 'Preto', 17),
    ('QRS6789', 'Fusca', '1970', 'Vermelho', 17),
    ('TUV9012', 'Saveiro', '2014', 'Azul', 17),
    ('ZAB0123', 'Tucson', '2019', 'Cinza', 17),
    ('CDE6789', 'Uno', '2017', 'Vermelho', 17),
    ('WXY7890', 'HRV', '2021', 'Prata', 18),
    ('ZAB1234', 'Siena', '2015', 'Prata', 18),
    ('YZA3456', 'Fiesta', '2019', 'Preto', 18),
    ('CDE5678', 'Focus', '2014', 'Preto', 19),
    ('FHG5846', 'Fit', '2019', 'Branco', 20),
    ('UVW5678', 'Uno', '2017', 'Prata', 20);

INSERT INTO OrdemServico (data_de_abertura, data_de_conclusao, total, cliente_id, veiculo_id)
VALUES
    ('2023-08-01 10:00:00', '2023-08-03 15:30:00', 140.00, 1, 1),
    ('2023-08-02 11:30:00', '2023-08-04 14:45:00', 540.00, 1, 2),
    ('2023-08-03 09:15:00', '2023-08-05 16:00:00', 360.00, 1, 3),
    ('2023-08-04 14:00:00', '2023-08-06 11:30:00', 200.00, 1, 4),
    ('2023-08-05 13:45:00', '2023-08-07 13:15:00', 200.00, 1, 5),
    ('2023-08-06 08:30:00', '2023-08-08 10:45:00', 170.00, 2, 6),
    ('2023-08-07 12:00:00', '2023-08-09 09:30:00', 130.00, 3, 7),
    ('2023-08-08 09:30:00', '2023-08-10 15:00:00', 130.00, 3, 8),
    ('2023-08-09 14:15:00', '2023-08-11 13:45:00', 145.00, 3, 9),
    ('2023-08-10 11:00:00', '2023-08-12 11:00:00', 370.00, 4, 10),
    ('2023-08-11 15:30:00', '2023-08-13 12:30:00', 460.00, 5, 11),
    ('2023-08-12 10:45:00', '2023-08-14 14:15:00', 500.00, 5, 12),
    ('2023-08-13 12:15:00', '2023-08-15 10:00:00', 230.00, 5, 13),
    ('2023-08-14 09:00:00', '2023-08-16 08:45:00', 310.00, 6, 14),
    ('2023-08-15 14:30:00', '2023-08-17 16:30:00', 240.00, 7, 15),
    ('2023-08-16 11:45:00', '2023-08-18 10:15:00', 280.00, 8, 16),
    ('2023-08-17 08:15:00', '2023-08-19 14:45:00', 300.00, 9, 17),
    ('2023-08-18 13:00:00', '2023-08-20 11:30:00', 310.00, 10, 18),
    ('2023-08-19 12:45:00', '2023-08-21 12:45:00', 190.00, 11, 19),
    ('2023-08-20 14:30:00', '2023-08-22 15:30:00', 90.00, 12, 20),
    ('2023-08-21 09:00:00', '2023-08-23 11:00:00', 200.00, 12, 21),
    ('2023-08-22 10:15:00', '2023-08-24 14:15:00', 150.00, 13, 22),
    ('2023-08-23 13:30:00', '2023-08-25 10:45:00', 185.00, 13, 23),
    ('2023-08-24 08:45:00', '2023-08-26 12:30:00', 350.00, 14, 24),
    ('2023-08-25 11:00:00', '2023-08-27 09:15:00', 380.00, 15, 25),
    ('2023-08-26 12:30:00', '2023-08-28 15:45:00', 440.00, 16, 26),
    ('2023-08-27 09:45:00', '2023-08-29 11:30:00', 200.00, 17, 27),
    ('2023-08-28 10:00:00', '2023-08-30 14:00:00', 140.00, 17, 28),
    ('2023-08-29 13:15:00', '2023-08-31 12:15:00', 160.00, 17, 29),
    ('2023-08-30 08:30:00', '2023-09-01 10:45:00', 200.00, 17, 30),
    ('2023-08-31 11:45:00', '2023-09-02 09:30:00', 140.00, 17, 31),
    ('2023-09-01 09:30:00', '2023-09-03 15:00:00', 540.00, 17, 32),
    ('2023-09-02 14:45:00', '2023-09-04 13:45:00', 200.00, 17, 33),
    ('2023-09-03 13:00:00', '2023-09-05 11:00:00', 200.00, 17, 34),
    ('2023-09-04 12:15:00', '2023-09-06 10:15:00', 200.00, 18, 35),
    ('2023-09-05 11:30:00', '2023-09-07 09:30:00', 220.00, 18, 36),
    ('2023-09-06 10:45:00', '2023-09-08 08:45:00', 130.00, 18, 37),
    ('2023-09-07 09:00:00', '2023-09-09 12:00:00', 230.00, 19, 38),
    ('2023-09-08 08:15:00', '2023-09-10 11:15:00', 215.00, 20, 39),
    ('2023-09-09 07:30:00', '2023-09-15 16:30:00', 200.00, 20, 40);

INSERT INTO Servico (nome, descricao, preco)
VALUES
    ('Troca de óleo', 'Troca de óleo do motor', 50.00),
    ('Alinhamento', 'Alinhamento das rodas', 80.00),
    ('Balanceamento', 'Balanceamento dos pneus', 40.00),
    ('Revisão Completa', 'Revisão completa do veículo', 200.00),
    ('Substituição de Filtros', 'Substituição de filtros de ar e óleo', 70.00),
    ('Troca de Pastilhas', 'Troca das pastilhas de freio', 90.00),
    ('Diagnóstico Eletrônico', 'Diagnóstico de problemas eletrônicos', 60.00),
    ('Lavagem e Polimento', 'Lavagem e polimento do veículo', 30.00),
    ('Troca de Correias', 'Troca de correias do motor', 75.00),
    ('Reparo no Ar Condicionado', 'Reparo no sistema de ar condicionado', 110.00),
    ('Troca de Amortecedores', 'Troca dos amortecedores do veículo', 180.00),
    ('Revisão de Freios', 'Revisão completa do sistema de freios', 150.00),
    ('Troca de Bateria', 'Troca da bateria do veículo', 100.00),
    ('Limpeza de Bicos', 'Limpeza dos bicos injetores', 80.00),
    ('Reparo de Motor', 'Reparo no motor do veículo', 300.00),
    ('Troca de Pneus', 'Troca dos pneus do veículo', 200.00),
    ('Reparo Elétrico', 'Reparo em sistemas elétricos', 120.00),
    ('Ajuste de Suspensão', 'Ajuste da suspensão do veículo', 70.00),
    ('Revisão de Óleo', 'Troca de óleo e filtros', 60.00),
    ('Troca de Correias', 'Troca de correias do motor', 90.00);

INSERT INTO ItemServico (quantidade, servico_id, ordemservico_id)
VALUES
    (2, 1, 1),
    (1, 3, 1),
    (1, 4, 2),
    (1, 5, 2),
    (3, 6, 2),
    (1, 4, 3),
    (2, 2, 3),
    (1, 4, 4),
    (1, 4, 5),
    (1, 7, 6),
    (1, 10, 6),
    (1, 3, 7),
    (1, 6, 7),
    (1, 1, 8),
    (1, 2, 8),
    (1, 9, 9),
    (1, 5, 9),
    (1, 4, 10),
    (1, 7, 10),
    (2, 10, 10),
    (2, 11, 11),
    (1, 13, 11),
    (1, 15, 12),
    (1, 16, 12),
    (1, 12, 13),
    (1, 14, 13),
    (2, 17, 14),
    (1, 18, 14),
    (1, 19, 15),
    (2, 20, 15),
    (1, 11, 16),
    (1, 13, 16),
    (1, 15, 17),
    (1, 12, 18),
    (2, 14, 18),
    (1, 17, 19),
    (1, 18, 19),
    (1, 20, 20),
    (1, 4, 21),
    (1, 6, 22),
    (1, 7, 22),
    (1, 9, 23),
    (1, 10, 23),
    (3, 11, 23),
    (1, 12, 24),
    (2, 13, 24),
    (1, 14, 25),
    (1, 15, 25),
    (1, 16, 26),
    (2, 17, 26),
    (2, 18, 27),
    (1, 19, 27),
    (1, 20, 28),
    (1, 1, 28),
    (1, 2, 29),
    (2, 3, 29),
    (1, 4, 30),
    (2, 1, 31),
    (1, 3, 31),
    (1, 4, 32),
    (1, 5, 32),
    (3, 6, 32),
    (1, 4, 33),
    (1, 4, 34),
    (1, 4, 35),
    (1, 7, 36),
    (2, 10, 36),
    (1, 3, 37),
    (1, 6, 37),
    (3, 1, 38),
    (1, 2, 38),
    (1, 9, 39),
    (2, 5, 39),
    (1, 4, 40);
